job_role,skill
junior_machine_learning_engineer_healthcare,python
junior_machine_learning_engineer_healthcare,machine learning
junior_machine_learning_engineer_healthcare,data analysis
junior_machine_learning_engineer_healthcare,sql
junior_machine_learning_engineer_healthcare,flask
junior_machine_learning_engineer_healthcare,model building
junior_machine_learning_engineer_healthcare,deployment
junior_machine_learning_engineer_healthcare,statistics
junior_machine_learning_engineer_healthcare,numpy
junior_machine_learning_engineer_healthcare,pandas
junior_machine_learning_engineer_fintech,python
junior_machine_learning_engineer_fintech,machine learning
junior_machine_learning_engineer_fintech,data analysis
junior_machine_learning_engineer_fintech,sql
junior_machine_learning_engineer_fintech,flask
junior_machine_learning_engineer_fintech,model building
junior_machine_learning_engineer_fintech,deployment
junior_machine_learning_engineer_fintech,statistics
junior_machine_learning_engineer_fintech,numpy
junior_machine_learning_engineer_fintech,pandas
junior_machine_learning_engineer_ecommerce,python
junior_machine_learning_engineer_ecommerce,machine learning
junior_machine_learning_engineer_ecommerce,data analysis
junior_machine_learning_engineer_ecommerce,sql
junior_machine_learning_engineer_ecommerce,flask
junior_machine_learning_engineer_ecommerce,model building
junior_machine_learning_engineer_ecommerce,deployment
junior_machine_learning_engineer_ecommerce,statistics
junior_machine_learning_engineer_ecommerce,numpy
junior_machine_learning_engineer_ecommerce,pandas
junior_machine_learning_engineer_education,python
junior_machine_learning_engineer_education,machine learning
junior_machine_learning_engineer_education,data analysis
junior_machine_learning_engineer_education,sql
junior_machine_learning_engineer_education,flask
junior_machine_learning_engineer_education,model building
junior_machine_learning_engineer_education,deployment
junior_machine_learning_engineer_education,statistics
junior_machine_learning_engineer_education,numpy
junior_machine_learning_engineer_education,pandas
junior_machine_learning_engineer_research,python
junior_machine_learning_engineer_research,machine learning
junior_machine_learning_engineer_research,data analysis
junior_machine_learning_engineer_research,sql
junior_machine_learning_engineer_research,flask
junior_machine_learning_engineer_research,model building
junior_machine_learning_engineer_research,deployment
junior_machine_learning_engineer_research,statistics
junior_machine_learning_engineer_research,numpy
junior_machine_learning_engineer_research,pandas
mid_machine_learning_engineer_healthcare,python
mid_machine_learning_engineer_healthcare,machine learning
mid_machine_learning_engineer_healthcare,data analysis
mid_machine_learning_engineer_healthcare,sql
mid_machine_learning_engineer_healthcare,flask
mid_machine_learning_engineer_healthcare,model building
mid_machine_learning_engineer_healthcare,deployment
mid_machine_learning_engineer_healthcare,statistics
mid_machine_learning_engineer_healthcare,numpy
mid_machine_learning_engineer_healthcare,pandas
mid_machine_learning_engineer_fintech,python
mid_machine_learning_engineer_fintech,machine learning
mid_machine_learning_engineer_fintech,data analysis
mid_machine_learning_engineer_fintech,sql
mid_machine_learning_engineer_fintech,flask
mid_machine_learning_engineer_fintech,model building
mid_machine_learning_engineer_fintech,deployment
mid_machine_learning_engineer_fintech,statistics
mid_machine_learning_engineer_fintech,numpy
mid_machine_learning_engineer_fintech,pandas
mid_machine_learning_engineer_ecommerce,python
mid_machine_learning_engineer_ecommerce,machine learning
mid_machine_learning_engineer_ecommerce,data analysis
mid_machine_learning_engineer_ecommerce,sql
mid_machine_learning_engineer_ecommerce,flask
mid_machine_learning_engineer_ecommerce,model building
mid_machine_learning_engineer_ecommerce,deployment
mid_machine_learning_engineer_ecommerce,statistics
mid_machine_learning_engineer_ecommerce,numpy
mid_machine_learning_engineer_ecommerce,pandas
mid_machine_learning_engineer_education,python
mid_machine_learning_engineer_education,machine learning
mid_machine_learning_engineer_education,data analysis
mid_machine_learning_engineer_education,sql
mid_machine_learning_engineer_education,flask
mid_machine_learning_engineer_education,model building
mid_machine_learning_engineer_education,deployment
mid_machine_learning_engineer_education,statistics
mid_machine_learning_engineer_education,numpy
mid_machine_learning_engineer_education,pandas
mid_machine_learning_engineer_research,python
mid_machine_learning_engineer_research,machine learning
mid_machine_learning_engineer_research,data analysis
mid_machine_learning_engineer_research,sql
mid_machine_learning_engineer_research,flask
mid_machine_learning_engineer_research,model building
mid_machine_learning_engineer_research,deployment
mid_machine_learning_engineer_research,statistics
mid_machine_learning_engineer_research,numpy
mid_machine_learning_engineer_research,pandas
senior_machine_learning_engineer_healthcare,python
senior_machine_learning_engineer_healthcare,machine learning
senior_machine_learning_engineer_healthcare,data analysis
senior_machine_learning_engineer_healthcare,sql
senior_machine_learning_engineer_healthcare,flask
senior_machine_learning_engineer_healthcare,model building
senior_machine_learning_engineer_healthcare,deployment
senior_machine_learning_engineer_healthcare,statistics
senior_machine_learning_engineer_healthcare,numpy
senior_machine_learning_engineer_healthcare,pandas
senior_machine_learning_engineer_fintech,python
senior_machine_learning_engineer_fintech,machine learning
senior_machine_learning_engineer_fintech,data analysis
senior_machine_learning_engineer_fintech,sql
senior_machine_learning_engineer_fintech,flask
senior_machine_learning_engineer_fintech,model building
senior_machine_learning_engineer_fintech,deployment
senior_machine_learning_engineer_fintech,statistics
senior_machine_learning_engineer_fintech,numpy
senior_machine_learning_engineer_fintech,pandas
senior_machine_learning_engineer_ecommerce,python
senior_machine_learning_engineer_ecommerce,machine learning
senior_machine_learning_engineer_ecommerce,data analysis
senior_machine_learning_engineer_ecommerce,sql
senior_machine_learning_engineer_ecommerce,flask
senior_machine_learning_engineer_ecommerce,model building
senior_machine_learning_engineer_ecommerce,deployment
senior_machine_learning_engineer_ecommerce,statistics
senior_machine_learning_engineer_ecommerce,numpy
senior_machine_learning_engineer_ecommerce,pandas
senior_machine_learning_engineer_education,python
senior_machine_learning_engineer_education,machine learning
senior_machine_learning_engineer_education,data analysis
senior_machine_learning_engineer_education,sql
senior_machine_learning_engineer_education,flask
senior_machine_learning_engineer_education,model building
senior_machine_learning_engineer_education,deployment
senior_machine_learning_engineer_education,statistics
senior_machine_learning_engineer_education,numpy
senior_machine_learning_engineer_education,pandas
senior_machine_learning_engineer_research,python
senior_machine_learning_engineer_research,machine learning
senior_machine_learning_engineer_research,data analysis
senior_machine_learning_engineer_research,sql
senior_machine_learning_engineer_research,flask
senior_machine_learning_engineer_research,model building
senior_machine_learning_engineer_research,deployment
senior_machine_learning_engineer_research,statistics
senior_machine_learning_engineer_research,numpy
senior_machine_learning_engineer_research,pandas
junior_web_developer_healthcare,html
junior_web_developer_healthcare,css
junior_web_developer_healthcare,javascript
junior_web_developer_healthcare,react
junior_web_developer_healthcare,node
junior_web_developer_healthcare,api
junior_web_developer_healthcare,sql
junior_web_developer_healthcare,flask
junior_web_developer_healthcare,git
junior_web_developer_fintech,html
junior_web_developer_fintech,css
junior_web_developer_fintech,javascript
junior_web_developer_fintech,react
junior_web_developer_fintech,node
junior_web_developer_fintech,api
junior_web_developer_fintech,sql
junior_web_developer_fintech,flask
junior_web_developer_fintech,git
junior_web_developer_ecommerce,html
junior_web_developer_ecommerce,css
junior_web_developer_ecommerce,javascript
junior_web_developer_ecommerce,react
junior_web_developer_ecommerce,node
junior_web_developer_ecommerce,api
junior_web_developer_ecommerce,sql
junior_web_developer_ecommerce,flask
junior_web_developer_ecommerce,git
junior_web_developer_education,html
junior_web_developer_education,css
junior_web_developer_education,javascript
junior_web_developer_education,react
junior_web_developer_education,node
junior_web_developer_education,api
junior_web_developer_education,sql
junior_web_developer_education,flask
junior_web_developer_education,git
junior_web_developer_research,html
junior_web_developer_research,css
junior_web_developer_research,javascript
junior_web_developer_research,react
junior_web_developer_research,node
junior_web_developer_research,api
junior_web_developer_research,sql
junior_web_developer_research,flask
junior_web_developer_research,git
mid_web_developer_healthcare,html
mid_web_developer_healthcare,css
mid_web_developer_healthcare,javascript
mid_web_developer_healthcare,react
mid_web_developer_healthcare,node
mid_web_developer_healthcare,api
mid_web_developer_healthcare,sql
mid_web_developer_healthcare,flask
mid_web_developer_healthcare,git
mid_web_developer_fintech,html
mid_web_developer_fintech,css
mid_web_developer_fintech,javascript
mid_web_developer_fintech,react
mid_web_developer_fintech,node
mid_web_developer_fintech,api
mid_web_developer_fintech,sql
mid_web_developer_fintech,flask
mid_web_developer_fintech,git
mid_web_developer_ecommerce,html
mid_web_developer_ecommerce,css
mid_web_developer_ecommerce,javascript
mid_web_developer_ecommerce,react
mid_web_developer_ecommerce,node
mid_web_developer_ecommerce,api
mid_web_developer_ecommerce,sql
mid_web_developer_ecommerce,flask
mid_web_developer_ecommerce,git
mid_web_developer_education,html
mid_web_developer_education,css
mid_web_developer_education,javascript
mid_web_developer_education,react
mid_web_developer_education,node
mid_web_developer_education,api
mid_web_developer_education,sql
mid_web_developer_education,flask
mid_web_developer_education,git
mid_web_developer_research,html
mid_web_developer_research,css
mid_web_developer_research,javascript
mid_web_developer_research,react
mid_web_developer_research,node
mid_web_developer_research,api
mid_web_developer_research,sql
mid_web_developer_research,flask
mid_web_developer_research,git
senior_web_developer_healthcare,html
senior_web_developer_healthcare,css
senior_web_developer_healthcare,javascript
senior_web_developer_healthcare,react
senior_web_developer_healthcare,node
senior_web_developer_healthcare,api
senior_web_developer_healthcare,sql
senior_web_developer_healthcare,flask
senior_web_developer_healthcare,git
senior_web_developer_fintech,html
senior_web_developer_fintech,css
senior_web_developer_fintech,javascript
senior_web_developer_fintech,react
senior_web_developer_fintech,node
senior_web_developer_fintech,api
senior_web_developer_fintech,sql
senior_web_developer_fintech,flask
senior_web_developer_fintech,git
senior_web_developer_ecommerce,html
senior_web_developer_ecommerce,css
senior_web_developer_ecommerce,javascript
senior_web_developer_ecommerce,react
senior_web_developer_ecommerce,node
senior_web_developer_ecommerce,api
senior_web_developer_ecommerce,sql
senior_web_developer_ecommerce,flask
senior_web_developer_ecommerce,git
senior_web_developer_education,html
senior_web_developer_education,css
senior_web_developer_education,javascript
senior_web_developer_education,react
senior_web_developer_education,node
senior_web_developer_education,api
senior_web_developer_education,sql
senior_web_developer_education,flask
senior_web_developer_education,git
senior_web_developer_research,html
senior_web_developer_research,css
senior_web_developer_research,javascript
senior_web_developer_research,react
senior_web_developer_research,node
senior_web_developer_research,api
senior_web_developer_research,sql
senior_web_developer_research,flask
senior_web_developer_research,git
junior_data_analyst_healthcare,python
junior_data_analyst_healthcare,sql
junior_data_analyst_healthcare,excel
junior_data_analyst_healthcare,data analysis
junior_data_analyst_healthcare,power bi
junior_data_analyst_healthcare,tableau
junior_data_analyst_healthcare,statistics
junior_data_analyst_fintech,python
junior_data_analyst_fintech,sql
junior_data_analyst_fintech,excel
junior_data_analyst_fintech,data analysis
junior_data_analyst_fintech,power bi
junior_data_analyst_fintech,tableau
junior_data_analyst_fintech,statistics
junior_data_analyst_ecommerce,python
junior_data_analyst_ecommerce,sql
junior_data_analyst_ecommerce,excel
junior_data_analyst_ecommerce,data analysis
junior_data_analyst_ecommerce,power bi
junior_data_analyst_ecommerce,tableau
junior_data_analyst_ecommerce,statistics
junior_data_analyst_education,python
junior_data_analyst_education,sql
junior_data_analyst_education,excel
junior_data_analyst_education,data analysis
junior_data_analyst_education,power bi
junior_data_analyst_education,tableau
junior_data_analyst_education,statistics
junior_data_analyst_research,python
junior_data_analyst_research,sql
junior_data_analyst_research,excel
junior_data_analyst_research,data analysis
junior_data_analyst_research,power bi
junior_data_analyst_research,tableau
junior_data_analyst_research,statistics
mid_data_analyst_healthcare,python
mid_data_analyst_healthcare,sql
mid_data_analyst_healthcare,excel
mid_data_analyst_healthcare,data analysis
mid_data_analyst_healthcare,power bi
mid_data_analyst_healthcare,tableau
mid_data_analyst_healthcare,statistics
mid_data_analyst_fintech,python
mid_data_analyst_fintech,sql
mid_data_analyst_fintech,excel
mid_data_analyst_fintech,data analysis
mid_data_analyst_fintech,power bi
mid_data_analyst_fintech,tableau
mid_data_analyst_fintech,statistics
mid_data_analyst_ecommerce,python
mid_data_analyst_ecommerce,sql
mid_data_analyst_ecommerce,excel
mid_data_analyst_ecommerce,data analysis
mid_data_analyst_ecommerce,power bi
mid_data_analyst_ecommerce,tableau
mid_data_analyst_ecommerce,statistics
mid_data_analyst_education,python
mid_data_analyst_education,sql
mid_data_analyst_education,excel
mid_data_analyst_education,data analysis
mid_data_analyst_education,power bi
mid_data_analyst_education,tableau
mid_data_analyst_education,statistics
mid_data_analyst_research,python
mid_data_analyst_research,sql
mid_data_analyst_research,excel
mid_data_analyst_research,data analysis
mid_data_analyst_research,power bi
mid_data_analyst_research,tableau
mid_data_analyst_research,statistics
senior_data_analyst_healthcare,python
senior_data_analyst_healthcare,sql
senior_data_analyst_healthcare,excel
senior_data_analyst_healthcare,data analysis
senior_data_analyst_healthcare,power bi
senior_data_analyst_healthcare,tableau
senior_data_analyst_healthcare,statistics
senior_data_analyst_fintech,python
senior_data_analyst_fintech,sql
senior_data_analyst_fintech,excel
senior_data_analyst_fintech,data analysis
senior_data_analyst_fintech,power bi
senior_data_analyst_fintech,tableau
senior_data_analyst_fintech,statistics
senior_data_analyst_ecommerce,python
senior_data_analyst_ecommerce,sql
senior_data_analyst_ecommerce,excel
senior_data_analyst_ecommerce,data analysis
senior_data_analyst_ecommerce,power bi
senior_data_analyst_ecommerce,tableau
senior_data_analyst_ecommerce,statistics
senior_data_analyst_education,python
senior_data_analyst_education,sql
senior_data_analyst_education,excel
senior_data_analyst_education,data analysis
senior_data_analyst_education,power bi
senior_data_analyst_education,tableau
senior_data_analyst_education,statistics
senior_data_analyst_research,python
senior_data_analyst_research,sql
senior_data_analyst_research,excel
senior_data_analyst_research,data analysis
senior_data_analyst_research,power bi
senior_data_analyst_research,tableau
senior_data_analyst_research,statistics
